名古屋,Nagoya
豊橋,Toyohashi
岡崎,Okazaki
一宮,Ichinomiya
瀬戸,Seto
春日井,Kasugai
豊川,Toyokawa
津島,Tsushima
刈谷,Kariya
豊田,Toyota
安城,Anjo
西尾,Nishio
江南,Konan
小牧,Komaki
稲沢,Inazawa
東海,Tokai
大府,Obu
知多,Chita
高浜,Takahama
岩倉,Iwakura
田原,Tahara
愛西,Aisai
清須,Kiyosu
新城,Shinshiro
北名古屋,Kitanagoya
弥富,Yatomi
みよし,Miyoshi
あま,Ama
長久手,Nagakute
秋田,Akita
大館,Odate
大仙,Daisen
潟上,Katagami
北秋田,Kitaakita
由利本荘,Yurihonjo
湯沢,Yuzawa
仙北,Semboku
横手,Yokote
にかほ,Nikaho
能代,Noshiro
八戸,Hachinohe
黒石,Kuroishi
三沢,Misawa
むつ,Mutsu
十和田,Towada
つがる,Tsugaru
青森,Aomori
平川,Hirakawa
千葉,Chiba
市川,Ichikawa
船橋,Funabashi
館山,Tateyama
木更津,Kisarazu
松戸,Matsudo
野田,Noda
茂原,Mobara
佐倉,Sakura
東金,Togane
柏,Kashiwa
勝浦,Katsuura
市原,Ichihara
八千代,Yachiyo
鎌ヶ谷,Kamagaya
浦安,Urayasu
白井,Shiroi
富里,Tomisato
旭,Asahi
いすみ,Isumi
香取,Katori
山武,Sanmu
松山,Matsuyama
四国中央,Shikokuchuo
西予,Seiyo
東温,Toon
西条,Saijo
大洲,Ozu
八幡浜,Yawatahama
伊予,Iyo
宇和島,Uwajima
福井,Fukui
小浜,Obama
大野,Ono
勝山,Katsuyama
あわら,Awara
越前,Echizen
坂井,Sakai
福岡,Fukuoka
久留米,Kurume
大牟田,Omuta
田川,Tagawa
柳川,Yanagawa
筑後,Chikugo
大川,Okawa
那珂川,Nakagawa
中間,Nakama
北九州,Kitakyushu
小郡,Ogori
筑紫野,Chikushino
春日,Kasuga
大野城,Onojo
古賀,Koga
福津,Fukutsu
うきは,Ukiha
宮若,Miyawaka
朝倉,Asakura
飯塚,Iizuka
嘉麻,Kama
みやま,Miyama
糸島,Itoshima
会津若松,Aizuwakamatsu
福島,Fukushima
郡山,Koriyama
須賀川,Sukagawa
相馬,Soma
いわき,Iwaki
田村,Tamura
白河,Shirakawa
二本松,Nihonmatsu
南相馬,Minamisoma
喜多方,Kitakata
本宮,Motomiya
大垣,Ogaki
高山,Takayama
多治見,Tajimi
関,Seki
中津川,Nakatsugawa
美濃,Mino
瑞浪,Mizunami
羽島,Hashima
美濃加茂,Minokamo
土岐,Toki
瑞穂,Mizuho
本巣,Motosu
下呂,Gero
恵那,Ena
海津,Kaizu
前橋,Maebashi
高崎,Takasaki
伊勢崎,Isesaki
太田,Ota
沼田,Numata
館林,Tatebayashi
藤岡,Fujioka
渋川,Shibukawa
安中,Annaka
富岡,Tomioka
みどり,Midori
広島,Hiroshima
福山,Fukuyama
三原,Mihara
府中,Fuchu
庄原,Shobara
大竹,Otake
竹原,Takehara
東広島,Higashihiroshima
安芸高田,Akitakata
江田島,Etajima
札幌,Sapporo
旭川,Asahikawa
室蘭,Muroran
岩見沢,Iwamizawa
芦別,Ashibetsu
江別,Ebetsu
赤平,Akabira
三笠,Mikasa
根室,Nemuro
滝川,Takikawa
砂川,Sunagawa
深川,Fukagawa
富良野,Furano
恵庭,Eniwa
北広島,Kitahiroshima
石狩,Ishikari
士別,Shibetsu
北見,Kitami
神戸,Godo
姫路,Himeji
西宮,Nishinomiya
芦屋,Ashiya
豊岡,Toyooka
加古川,Kakogawa
三木,Miki
川西,Kawanishi
小野,Ono
三田,Sanda
加西,Kasai
丹波篠山,TambaSasayama
丹波,Tamba
南あわじ,Minamiawaji
朝来,Asago
たつの,Tatsuno
洲本,Sumoto
加東,Kato
水戸,Mito
日立,Hitachi
龍ヶ崎,Ryugasaki
下妻,Shimotsuma
常陸太田,Hitachiota
高萩,Takahagi
北茨城,Kitaibaraki
取手,Toride
牛久,Ushiku
つくば,Tsukuba
ひたちなか,Hitachinaka
守谷,Moriya
常陸大宮,Hitachiomiya
那珂,Naka
坂東,Bando
稲敷,Inashiki
筑西,Chikusei
かすみがうら,Kasumigaura
神栖,Kamisu
古河,Koga
石岡,Ishioka
桜川,Sakuragawa
笠間,Kasama
つくばみらい,Tsukubamirai
小美玉,Omitama
野々市,Nonoichi
七尾,Nanao
小松,Komatsu
珠洲,Suzu
かほく,Kahoku
白山,Hakusan
能美,Nomi
加賀,Kaga
輪島,Wajima
大船渡,Ofunato
陸前高田,Rikuzentakata
北上,Kitakami
宮古,Miyako
一関,Ichinoseki
花巻,Hanamaki
二戸,Ninohe
滝沢,Takizawa
高松,Takamatsu
丸亀,Marugame
さぬき,Sanuki
東かがわ,Higashikagawa
三豊,Mitoyo
鹿屋,Kanoya
阿久根,Akune
南さつま,Minamisatsuma
垂水,Tarumizu
いちき串木野,Ichikikushikino
志布志,Shibushi
南九州,Minamikyushu
伊佐,Isa
横浜,Yokohama
横須賀,Yokosuka
川崎,Kawasaki
平塚,Hiratsuka
鎌倉,Kamakura
藤沢,Fujisawa
小田原,Odawara
茅ヶ崎,Chigasaki
三浦,Miura
厚木,Atsugi
大和,Yamato
伊勢原,Isehara
座間,Zama
綾瀬,Ayase
高知,Kochi
安芸,Aki
土佐清水,Tosashimizu
須崎,Susaki
土佐,Tosa
室戸,Muroto
南国,Nankoku
四万十,Shimanto
香美,Kami
熊本,Kumamoto
荒尾,Arao
玉名,Tamana
山鹿,Yamaga
宇土,Uto
上天草,KamiAmakusa
宇城,Uki
阿蘇,Aso
天草,Amakusa
京都,Kyoto
福知山,Fukuchiyama
綾部,Ayabe
宇治,Uji
亀岡,Kameoka
城陽,Joyo
長岡京,Nagaokakyo
八幡,Yawata
京田辺,Kyotanabe
京丹後,Kyotango
南丹,Nantan
木津川,Kizugawa
四日市,Yokkaichi
松阪,Matsusaka
桑名,Kuwana
名張,Nabari
亀山,Kameyama
鳥羽,Toba
いなべ,Inabe
志摩,Shima
伊賀,Iga
伊勢,Ise
熊野,Kumano
津,Tsu
仙台,Sendai
石巻,Ishinomaki
白石,Shiroishi
名取,Natori
多賀城,Tagajo
岩沼,Iwanuma
登米,Tome
栗原,Kurihara
東松島,Higashimatsushima
気仙沼,Kesennuma
大崎,Osaki
富谷,Tomiya
宮崎,Miyazaki
延岡,Nobeoka
日南,Nichinan
小林,Kobayashi
串間,Kushima
西都,Saito
えびの,Ebino
松本,Matsumoto
岡谷,Okaya
諏訪,Suwa
須坂,Suzaka
小諸,Komoro
駒ヶ根,Komagane
大町,Omachi
飯山,Iiyama
飯田,Iida
茅野,Chino
塩尻,Shiojiri
長野,Nagano
東御,Tomi
中野,Nakano
佐久,Saku
上田,Ueda
伊那,Ina
長崎,Nagasaki
島原,Shimabara
大村,Omura
五島,Goto
西海,Saikai
平戸,Hirado
雲仙,Unzen
松浦,Matsuura
南島原,Minamishimabara
奈良,Nara
大和高田,Yamatotakada
大和郡山,Yamatokoriyama
天理,Tenri
桜井,Sakurai
五條,Gojo
香芝,Kashiba
葛城,Katsuragi
新潟,Niigata
長岡,Nagaoka
柏崎,Kashiwazaki
小千谷,Ojiya
加茂,Kamo
村上,Murakami
佐渡,Sado
阿賀野,Agano
魚沼,Uonuma
南魚沼,Minamiuonuma
三条,Sanjo
五泉,Gosen
別府,Beppu
中津,Nakatsu
日田,Hita
臼杵,Usuki
津久見,Tsukumi
竹田,Taketa
豊後高田,Bungotakada
宇佐,Usa
豊後大野,BungoOno
由布,Yufu
岡山,Okayama
倉敷,Kurashiki
津山,Tsuyama
玉野,Tamano
笠岡,Kasaoka
井原,Ibara
新見,Niimi
備前,Bizen
瀬戸内,Setouchi
赤磐,Akaiwa
真庭,Maniwa
浅口,Asakuchi
石垣,Ishigaki
浦添,Urasoe
豊見城,Tomigusuku
うるま,Uruma
宮古島,Miyakojima
南城,Nanjo
大阪,Osaka
豊中,Toyonaka
泉大津,Izumiotsu
貝塚,Kaizuka
守口,Moriguchi
茨木,Ibaraki
八尾,Yao
泉佐野,Izumisano
富田林,Tondabayashi
河内長野,Kawachinagano
松原,Matsubara
大東,Daito
門真,Kadoma
高石,Takaishi
東大阪,Higashiosaka
泉南,Sennan
大阪狭山,Osakasayama
鳥栖,Tosu
伊万里,Imari
鹿島,Kashima
多久,Taku
小城,Ogi
佐賀,Saga
川口,Kawaguchi
秩父,Chichibu
東松山,Higashimatsuyama
狭山,Sayama
上尾,Ageo
越谷,Koshigaya
戸田,Toda
朝霞,Asaka
志木,Shiki
和光,Wako
新座,Niiza
久喜,Kuki
北本,Kitamoto
八潮,Yashio
富士見,Fujimi
三郷,Sango
坂戸,Sakado
鶴ヶ島,Tsurugashima
日高,Hidaka
吉川,Yoshikawa
さいたま,Saitama
熊谷,Kumagaya
春日部,Kasukabe
ふじみ野,Fujimino
深谷,Fukaya
本庄,Honjo
白岡,Shiraoka
大津,Ozu
彦根,Hikone
草津,Kusatsu
守山,Moriyama
甲賀,Koka
野洲,Yasu
湖南,Konan
高島,Takashima
米原,Maibara
長浜,Nagahama
松江,Matsue
出雲,Izumo
江津,Gotsu
雲南,Unnan
浜田,Hamada
大田,Ota
浜松,Hamamatsu
沼津,Numazu
三島,Mishima
富士宮,Fujinomiya
伊東,Ito
島田,Shimada
磐田,Iwata
富士,Fuji
下田,Shimoda
湖西,Kosai
伊豆,Izu
菊川,Kikugawa
伊豆の国,Izunokuni
牧之原,Makinohara
宇都宮,Utsunomiya
鹿沼,Kanuma
小山,Oyama
大田原,Otawara
矢板,Yaita
那須塩原,Nasushiobara
佐野,Sano
さくら,Sakura
日光,Nikko
徳島,Tokushima
鳴門,Naruto
小松島,Komatsushima
阿南,Anan
吉野川,Yoshinogawa
美馬,Mima
阿波,Awa
八王子,Hachioji
立川,Tachikawa
武蔵野,Musashino
三鷹,Mitaka
町田,Machida
小金井,Koganei
小平,Obira
日野,Hino
東村山,Higashimurayama
国立,Kunitachi
東大和,Higashiyamato
清瀬,Kiyose
東久留米,Higashikurume
武蔵村山,Musashimurayama
多摩,Tama
稲城,Inagi
羽村,Hamura
あきる野,Akiruno
西東京,Nishitokyo
東京,Tokyo
荒川,Arakawa
文京,Bunkyo
千代田,Chiyoda
中央,Chuo
江戸川,Edogawa
板橋,Itabashi
北,Kita
江東,Koto
目黒,Meguro
港,Minato
世田谷,Setagaya
渋谷,Shibuya
品川,Shinagawa
新宿,Shinjuku
台東,Taito
豊島,Toshima
倉吉,Kurayoshi
境港,Sakaiminato
魚津,Uozu
氷見,Himi
滑川,Namegawa
砺波,Tonami
小矢部,Oyabe
南砺,Nanto
高岡,Takaoka
黒部,Kurobe
海南,Kainan
田辺,Tanabe
有田,Arita
紀の川,Kinokawa
橋本,Hashimoto
岩出,Iwade
山形,Yamagata
新庄,Shinjo
上山,Kaminoyama
村山,Murayama
長井,Nagai
東根,Higashine
尾花沢,Obanazawa
南陽,Nan'yo
鶴岡,Tsuruoka
宇部,Ube
光,Hikari
下関,Shimonoseki
柳井,Yanai
萩,Hagi
長門,Nagato
山陽小野田,San'yoOnoda
山口,Yamaguchi
岩国,Iwakuni
甲府,Kofu
富士吉田,Fujiyoshida
都留,Tsuru
大月,Otsuki
上野原,Uenohara
甲州,Koshu
南幌,Nanporo
奈井江,Naie
上砂川,Kamisunagawa
由仁,Yuni
長沼,Naganuma
栗山,Kuriyama
月形,Tsukigata
浦臼,Urausu
新十津川,Shintotsukawa
北竜,Hokuryu
当別,Tobetsu
黒松内,Kuromatsunai
蘭越,Rankoshi
ニセコ,Niseko
喜茂別,Kimobetsu
岩内,Iwanai
古平,Furubira
仁木,Niki
豊浦,Toyoura
厚真,Atsuma
安平,Abira
むかわ,Mukawa
平取,Biratori
新冠,Niikappu
浦河,Urakawa
えりも,Erimo
新ひだか,Shinhidaka
木古内,Kikonai
鹿部,Shikabe
森,Mori
上ノ国,Kaminokuni
奥尻,Okushiri
今金,Imakane
せたな,Setana
鷹栖,Takasu
当麻,Toma
愛別,Aibetsu
上川,Kamikawa
東川,Higashikawa
上富良野,Kamifurano
中富良野,Nakafurano
南富良野,Minamifurano
幌加内,Horokanai
下川,Shimokawa
美深,Bifuka
中川,Nakagawa
苫前,Tomamae
羽幌,Haboro
遠別,Enbetsu
浜頓別,Hamatonbetsu
中頓別,Nakatonbetsu
豊富,Toyotomi
幌延,Horonobe
利尻,Rishiri
利尻富士,Rishirifuji
美幌,Bihoro
津別,Tsubetsu
清里,Kiyosato
小清水,Koshimizu
佐呂間,Saroma
遠軽,Engaru
湧別,Yubetsu
滝上,Takinoue
興部,Okoppe
士幌,Shihoro
上士幌,Kamishihoro
清水,Shimizu
広尾,Hiroo
本別,Honbetsu
陸別,Rikubetsu
浦幌,Urahoro
浜中,Hamanaka
別海,Betsukai
中標津,Nakashibetsu
標津,Shibetsu
羅臼,Rausu
平内,Hiranai
今別,Imabetsu
深浦,Fukaura
藤崎,Fujisaki
鶴田,Tsuruta
中泊,Nakadomari
七戸,Shichinohe
六戸,Rokunohe
東北,Tohoku
おいらせ,Oirase
大間,Oma
三戸,Sannohe
五戸,Gonohe
南部,Nanbu
岩手,Iwate
紫波,Shiwa
西和賀,Nishiwaga
金ケ崎,Kanegasaki
平泉,Hiraizumi
住田,Sumita
山田,Yamada
岩泉,Iwaizumi
軽米,Karumai
一戸,Ichinohe
七ヶ宿,Shichikashuku
大河原,Ogawara
村田,Murata
丸森,Marumori
松島,Matsushima
七ヶ浜,Shichigahama
利府,Rifu
大郷,Osato
加美,Kami
美里,Misato
南三陸,Minamisanriku
小坂,Kosaka
藤里,Fujisato
五城目,Gojome
井川,Ikawa
美郷,Misato
山辺,Yamanobe
中山,Nakayama
河北,Kahoku
西川,Nishikawa
朝日,Asahi
大江,Oe
大石田,Oishida
金山,Kaneyama
舟形,Funagata
真室川,Mamurogawa
小国,Oguni
白鷹,Shirataka
三川,Mikawa
庄内,Shonai
国見,Kunimi
川俣,Kawamata
鏡石,Kagamiishi
下郷,Shimogo
南会津,Minamiaizu
西会津,Nishiaizu
会津坂下,Aizubange
矢吹,Yabuki
棚倉,Tanagura
石川,Ishikawa
浅川,Asakawa
広野,Hirono
大熊,Okuma
浪江,Namie
茨城,Ibaraki
大洗,Oarai
城里,Shirosato
大子,Daigo
阿見,Ami
河内,Kawachi
五霞,Goka
境,Sakai
利根,Tone
市貝,Ichikai
野木,Nogi
塩谷,Shioya
高根沢,Takanezawa
那須,Nasu
吉岡,Yoshioka
下仁田,Shimonita
中之条,Nakanojo
長野原,Naganohara
みなかみ,Minakami
玉村,Tamamura
板倉,Itakura
大泉,Oizumi
伊奈,Ina
毛呂山,Moroyama
小川,Ogawa
川島,Kawajima
吉見,Yoshimi
ときがわ,Tokigawa
横瀬,Yokoze
小鹿野,Ogano
神川,Kamikawa
上里,Kamisato
宮代,Miyashiro
杉戸,Sugito
神崎,Kozaki
多古,Tako
東庄,Tonosho
芝山,Shibayama
横芝光,Yokoshibahikari
白子,Shirako
長南,Chonan
大多喜,Otaki
日の出,Hinode
奥多摩,Okutama
大島,Oshima
愛川,Aikawa
葉山,Hayama
寒川,Samukawa
二宮,Ninomiya
中井,Nakai
大井,Oi
松田,Matsuda
山北,Yamakita
湯河原,Yugawara
田上,Tagami
阿賀,Aga
出雲崎,Izumozaki
津南,Tsunan
上市,Kamiichi
立山,Tateyama
川北,Kawakita
志賀,Shika
中能登,Nakanoto
能登,Noto
南越前,Minamiechizen
美浜,Mihama
おおい,Oi
若狭,Wakasa
市川三郷,Ichikawamisato
早川,Hayakawa
富士川,Fujikawa
富士河口湖,Fujikawaguchiko
佐久穂,Sakuho
軽井沢,Karuizawa
御代田,Miyota
長和,Nagawa
下諏訪,Shimosuwa
箕輪,Minowa
飯島,Iijima
松川,Matsukawa
高森,Takamori
上松,Agematsu
木曽,Kiso
坂城,Sakaki
小布施,Obuse
山ノ内,Yamanouchi
岐南,Ginan
笠松,Kasamatsu
垂井,Tarui
関ケ原,Sekigahara
輪之内,Wanouchi
安八,Anpachi
北方,Kitagata
富加,Tomika
川辺,Kawabe
白川,Shirakawa
東伊豆,Higashiizu
南伊豆,Minamiizu
松崎,Matsuzaki
西伊豆,Nishiizu
長泉,Nagaizumi
吉田,Yoshida
川根本,Kawanehon
東郷,Togo
豊山,Toyoyama
大口,Oguchi
東浦,Higashiura
南知多,Minamichita
武豊,Taketoyo
東栄,Toei
大台,Odai
玉城,Tamaki
大紀,Taiki
南伊勢,Minamiise
紀北,Kihoku
御浜,Mihama
紀宝,Kiho
竜王,Ryuo
愛荘,Aisho
豊郷,Toyosato
甲良,Kora
多賀,Taga
大山崎,Oyamazaki
久御山,Kumiyama
井手,Ide
京丹波,Kyotamba
伊根,Ine
島本,Shimamoto
豊能,Toyono
能勢,Nose
熊取,Kumatori
田尻,Tajiri
太子,Taishi
河南,Kanan
猪名川,Inagawa
多可,Taka
稲美,Inami
福崎,Fukusaki
神河,Kamikawa
上郡,Kamigori
新温泉,Shin'onsen
田原本,Tawaramoto
高取,Takatori
吉野,Yoshino
大淀,Oyodo
下市,Shimoichi
串本,Kushimoto
紀美野,Kimino
かつらぎ,Katsuragi
九度山,Kudoyama
高野,Koya
湯浅,Yuasa
広川,Hirokawa
有田川,Aridagawa
由良,Yura
みなべ,Minabe
日高川,Hidakagawa
白浜,Shirahama
上富田,Kamitonda
すさみ,Susami
那智勝浦,Nachikatsuura
古座川,Kozagawa
岩美,Iwami
智頭,Chizu
八頭,Yazu
琴浦,Kotoura
北栄,Hokuei
江府,Kofu
奥出雲,Okuizumo
飯南,Iinan
川本,Kawamoto
津和野,Tsuwano
吉賀,Yoshika
西ノ島,Nishinoshima
和気,Wake
早島,Hayashima
里庄,Satosho
鏡野,Kagamino
久米南,Kumenan
海田,Kaita
坂,Saka
安芸太田,Akiota
大崎上島,Osakikamijima
世羅,Sera
和木,Waki
上関,Kaminoseki
田布施,Tabuse
上勝,Kamikatsu
石井,Ishii
神山,Kamiyama
那賀,Naka
牟岐,Mugi
美波,Minami
海陽,Kaiyo
北島,Kitajima
板野,Itano
上板,Kamiita
つるぎ,Tsurugi
東みよし,Higashimiyoshi
土庄,Tonosho
宇多津,Utazu
綾川,Ayagawa
琴平,Kotohira
多度津,Tadotsu
まんのう,Manno
上島,Kamijima
久万高原,Kumakogen
内子,Uchiko
伊方,Ikata
松野,Matsuno
愛南,Ainan
田野,Tano
安田,Yasuda
本山,Motoyama
大豊,Otoyo
いの,Ino
仁淀川,Niyodogawa
中土佐,Nakatosa
佐川,Sakawa
越知,Ochi
津野,Tsuno
黒潮,Kuroshio
宇美,Umi
篠栗,Sasaguri
須恵,Sue
水巻,Mizumaki
岡垣,Okagaki
小竹,Kotake
筑前,Chikuzen
大木,Oki
添田,Soeda
糸田,Itoda
福智,Fukuchi
みやこ,Miyako
吉富,Yoshitomi
吉野ヶ里,Yoshinogari
みやき,Miyaki
江北,Kohoku
太良,Tara
長与,Nagayo
川棚,Kawatana
波佐見,Hasami
佐々,Saza
新上五島,ShinKamigoto
長洲,Nagasu
菊陽,Kikuyo
南小国,Minamioguni
嘉島,Kashima
甲佐,Kosa
山都,Yamato
氷川,Hikawa
芦北,Ashikita
津奈木,Tsunagi
多良木,Taragi
湯前,Yunomae
あさぎり,Asagiri
国富,Kunitomi
綾,Aya
新富,Shintomi
木城,Kijo
川南,Kawaminami
門川,Kadogawa
高千穂,Takachiho
五ヶ瀬,Gokase
さつま,Satsuma
長島,Nagashima
東串良,Higashikushira
中種子,Nakatane
南種子,Minamitane
屋久島,Yakushima
徳之島,Tokunoshima
天城,Amagi
伊仙,Isen
和泊,Wadomari
知名,China
本部,Motobu
嘉手納,Kadena
西原,Nishihara
与那原,Yonabaru
久米島,Kumejima
八重瀬,Yaese
竹富,Taketomi
与那国,Yonaguni
島牧,Shimamaki
泊,Tomari
赤井川,Akaigawa
西興部,Nishiokoppe
中札内,Nakasatsunai
更別,Sarabetsu
鶴居,Tsurui
西目屋,Nishimeya
六ヶ所,Rokkasho
佐井,Sai
新郷,Shingo
九戸,Kunohe
上小阿仁,Kamikoani
大潟,Ogata
大蔵,Okura
戸沢,Tozawa
大玉,Otama
天栄,Ten'ei
北塩原,Kitashiobara
湯川,Yugawa
西郷,Nishigo
泉崎,Izumizaki
中島,Nakajima
玉川,Tamakawa
平田,Hirata
川内,Kawauchi
葛尾,Katsurao
上野,Ueno
南牧,Minamimaki
川場,Kawaba
東秩父,Higashichichibu
檜原,Hinohara
利島,Toshima
新島,Niijima
神津島,Kozushima
御蔵島,Mikurajima
青ヶ島,Aogashima
小笠原,Ogasawara
清川,Kiyokawa
弥彦,Yahiko
関川,Sekikawa
粟島浦,Awashimaura
舟橋,Funahashi
道志,Doshi
山中湖,Yamanakako
鳴沢,Narusawa
川上,Kawakami
南相木,Minamiaiki
北相木,Kitaaiki
青木,Aoki
原,Hara
南箕輪,Minamiminowa
宮田,Miyada
阿智,Achi
平谷,Hiraya
根羽,Neba
下條,Shimojo
天龍,Tenryu
大鹿,Oshika
大桑,Okuwa
筑北,Chikuhoku
野沢温泉,Nozawaonsen
東白川,Higashishirakawa
豊根,Toyone
南山城,Minamiyamashiro
千早赤阪,Chihayaakasaka
山添,Yamazoe
黒滝,Kurotaki
天川,Tenkawa
十津川,Totsukawa
下北山,Shimokitayama
上北山,Kamikitayama
東吉野,Higashiyoshino
北山,Kitayama
西粟倉,Nishiawakura
北川,Kitagawa
赤,Aka
南阿蘇,Minamiaso
水上,Mizukami
山江,Yamae
姫島,Himeshima
西米良,Nishimera
諸塚,Morotsuka
十島,Toshima
大宜味,Ogimi
東,Higashi
宜野座,Ginoza
伊江,Ie
北中城,Kitanakagusuku
中城,Nakagusuku
渡嘉敷,Tokashiki
座間味,Zamami
渡名喜,Tonaki
南大東,Minamidaito
北大東,Kitadaito
伊平屋,Iheya
多良間,Tarama