板橋,Banciao
三重,Sanchong
中和,Jhonghe
永和,Yonghe
新莊,Sinjhuang
新店,Sindian
樹林,Shulin
鶯歌,Yingge
三峽,Sansia
淡水,Danshuei
汐止,Sijhih
瑞芳,Rueifang
土城,Tucheng
蘆洲,Lujhou
五股,Wugu
泰山,Taishan
林口,Linkou
深坑,Shenkeng
石碇,Danding
坪林,Pinglin
三芝,Sanjhih
石門,Danmen
八里,Bali
平溪,Pingci
雙溪,Shuangci
貢寮,Gongliao
金山,Jinshan
萬里,Wanli
烏來,Wulai
松山,Songshan
信義,Sinyi
大安,Da'an
中山,Jhongshan
中正,Jhongjheng
大同,Datong
萬華,Wanhua
文山,Wunshan
南港,Nangang
內湖,Neihu
士林,Shihlin
北投,Beitou
桃園,Taoyuan
中壢,Jhongli
大溪,Daci
楊梅,Yangmei
蘆竹,Lujhu
大園,Dayuan
龜山,Gueishan
八德,Bade
龍潭,Longtan
平鎮,Pingjhen
新屋,Sinwu
觀音,Guanyin
復興,Fusing
中,Jhong
東,Dong
南,Nan
西,Si
北,Bei
西屯,Situn
南屯,Nantun
北屯,Beitun
豐原,Fongyuan
東勢,Dongshih
大甲,Dajia
清水,Cingshuei
沙鹿,Shalu
梧棲,Wuci
后里,Houli
神岡,Shengang
潭子,Tanzih
大雅,Daya
新社,Sinshe
石岡,Dangang
外埔,Waipu
烏日,Wurih
大肚,Dadu
龍井,Longjing
霧峰,Wufong
太平,Taiping
大里,Dali
和平,Heping
新營,Sinying
鹽水,Yanshuei
白河,Baihe
柳營,Liouying
後壁,Houbi
東山,Dongshan
麻豆,Madou
下營,Siaying
六甲,Lioujia
官田,Guantian
大內,Danei
佳里,Jiali
學甲,Syuejia
西港,Sigang
七股,Cigu
將軍,Jiangjyun
北門,Beimen
新化,Sinhua
善化,Shanhua
新市,Sinshih
安定,Anding
山上,Shanshang
玉井,Yujing
楠西,Nansi
南化,Nanhua
左鎮,Zuojhen
仁德,Rende
歸仁,Gueiren
關廟,Guanmiao
龍崎,Longci
永康,Yongkang
安南,Annan
安平,Anping
中西,Jhongsi
鹽埕,Yancheng
鼓山,Gushan
左營,Zuoying
楠梓,Nanzih
三民,Sanmin
新興,Sinsing
前金,Cianjin
苓雅,Lingya
前鎮,Cianjhen
旗津,Cijin
小港,Siaogang
鳳山,Fongshan
林園,Linyuan
大寮,Daliao
大樹,Dashu
大社,Dashe
仁武,Renwu
鳥松,Niaosong
岡山,Gangshan
橋頭,Ciaotou
燕巢,Yanchao
田寮,Tianliao
阿蓮,Alian
路竹,Lujhu
湖內,Hunei
茄萣,Cieding
永安,Yong'an
彌陀,Mituo
梓官,Zihguan
旗山,Cishan
美濃,Meinong
六龜,Liouguei
甲仙,Jiasian
杉林,Shalin
內門,Neimen
茂林,Maolin
桃源,Taoyuan
那瑪夏,Namasia
宜蘭,Yilan
羅東,Luodong
蘇澳,Su'ao
頭城,Toucheng
礁溪,Jiaoci
壯圍,Jhuangwei
員山,Yuanshan
冬山,Dongshan
五結,Wujie
三星,Sansing
南澳,Nan'ao
竹北,Jhubei
關西,Guansi
新埔,Sinpu
竹東,Jhudong
湖口,Hukou
橫山,Hengshan
新豐,Sinfong
芎林,Cyonglin
寶山,Baoshan
北埔,Beipu
峨眉,Emei
尖石,Jiandan
五峰,Wufong
苗栗,Miaoli
頭份,Toufen
苑裡,Yuanli
通霄,Tongsiao
竹南,Jhunan
後龍,Houlong
卓蘭,Jhuolan
大湖,Dahu
公館,Gongguan
銅鑼,Tongluo
南庄,Nanjhuang
頭屋,Touwu
三義,Sanyi
西湖,Sihu
造橋,Zaociao
三灣,Sanwan
獅潭,Shihtan
泰安,Tai'an
彰化,Jhanghua
員林,Yuanlin
鹿港,Lugang
和美,Hemei
北斗,Beidou
溪湖,Cihu
田中,Tianjhong
二林,Erlin
線西,Siansi
伸港,Shengang
福興,Fusing
秀水,Sioushuei
花壇,Huatan
芬園,Fenyuan
大村,Dacun
埔鹽,Puyan
埔心,Pusin
永靖,Yongjing
社頭,Shetou
二水,Ershuei
田尾,Tianwei
埤頭,Pitou
芳苑,Fangyuan
大城,Dacheng
竹塘,Jhutang
溪州,Cijhou
南投,Nantou
埔里,Puli
草屯,Caotun
竹山,Jhushan
集集,Jiji
名間,Mingjian
鹿谷,Lugu
中寮,Jhongliao
魚池,Yuchih
國姓,Guosing
水里,Shueili
仁愛,Ren'ai
斗六,Douliou
斗南,Dounan
虎尾,Huwei
西螺,Siluo
土庫,Tuku
北港,Beigang
古坑,Gukeng
大埤,Dapi
莿桐,Cihtong
林內,Linnei
二崙,Erlun
崙背,Lunbei
麥寮,Mailiao
褒忠,Baojhong
臺西,Taisi
元長,Yuanchang
四湖,Sihhu
口湖,Kouhu
水林,Shueilin
太保,Taibao
朴子,Pozih
布袋,Budai
大林,Dalin
民雄,Minsyong
溪口,Cikou
新港,Singang
六腳,Lioujiao
東石,Dongdan
義竹,Yijhu
鹿草,Lucao
水上,Shueishang
中埔,Jhongpu
竹崎,Jhuci
梅山,Meishan
番路,Fanlu
大埔,Dapu
阿里山,Alishan
屏東,Bingdong
潮州,Chaojhou
東港,Donggang
恆春,Hengchun
萬丹,Wandan
長治,Changjhih
麟洛,Linluo
九如,Jiouru
里港,Ligang
鹽埔,Yanpu
高樹,Gaoshu
萬巒,Wanluan
內埔,Neipu
竹田,Jhutian
新埤,Sinpi
枋寮,Fangliao
新園,Sinyuan
崁頂,Kanding
林邊,Linbian
南州,Nanjhou
佳冬,Jiadong
琉球,Liouciou
車城,Checheng
滿州,Manjhou
枋山,Fangshan
三地門,Sandemen
霧臺,Wutai
瑪家,Majia
泰武,Taiwu
來義,Laiyi
春日,Chunrih
獅子,Shihzih
牡丹,Mudan
臺東,Taidong
成功,Chenggong
關山,Guanshan
卑南,Beinan
大武,Dawu
太麻里,Taimali
東河,Donghe
長濱,Changbin
鹿野,Luye
池上,Chihshang
綠島,Lyudao
延平,Yanping
海端,Haiduan
達仁,Daren
金峰,Jinfong
蘭嶼,Lanyu
花蓮,Hualian
鳳林,Fonglin
玉里,Yuli
新城,Sincheng
吉安,Ji'an
壽豐,Shoufong
光復,Guangfu
豐濱,Fongbin
瑞穗,Rueisuei
富里,Fuli
秀林,Sioulin
萬榮,Wanrong
卓溪,Jhuoci
馬公,Magong
湖西,Husi
白沙,Baisha
西嶼,Siyu
望安,Wang'an
七美,Cimei
七堵,Cidu
暖暖,Nuannuan
安樂,Anle
香山,Siangshan
金城,Jincheng
金湖,Jinhu
金沙,Jinsha
金寧,Jinning
烈嶼,Lieyu
烏坵,Wuciou
南竿,Nangan
北竿,Beigan
莒光,Jyuguang
東引,Dongyin